RAM,Battery Capacity,Launched Price (Pakistan),Processor,Screen Size,Model Name
6.0,3600.0,224999.0,A17 Bionic,6.1,iPhone 16 128GB
6.0,3600.0,234999.0,A17 Bionic,6.1,iPhone 16 256GB
6.0,3600.0,244999.0,A17 Bionic,6.1,iPhone 16 512GB
6.0,4200.0,249999.0,A17 Bionic,6.7,iPhone 16 Plus 128GB
6.0,4200.0,259999.0,A17 Bionic,6.7,iPhone 16 Plus 256GB
6.0,4200.0,274999.0,A17 Bionic,6.7,iPhone 16 Plus 512GB
6.0,4400.0,284999.0,A17 Pro,6.1,iPhone 16 Pro 128GB
8.0,4400.0,294999.0,A17 Pro,6.1,iPhone 16 Pro 256GB
8.0,4400.0,314999.0,A17 Pro,6.1,iPhone 16 Pro 512GB
6.0,4500.0,314999.0,A17 Pro,6.7,iPhone 16 Pro Max 128GB
8.0,4500.0,324999.0,A17 Pro,6.7,iPhone 16 Pro Max 256GB
8.0,4500.0,344999.0,A17 Pro,6.7,iPhone 16 Pro Max 512GB
6.0,3200.0,204999.0,A16 Bionic,6.1,iPhone 15 128GB
6.0,3200.0,214999.0,A16 Bionic,6.1,iPhone 15 256GB
6.0,3200.0,224999.0,A16 Bionic,6.1,iPhone 15 512GB
6.0,4300.0,234999.0,A16 Bionic,6.7,iPhone 15 Plus 128GB
6.0,4300.0,244999.0,A16 Bionic,6.7,iPhone 15 Plus 256GB
6.0,4300.0,264999.0,A16 Bionic,6.7,iPhone 15 Plus 512GB
6.0,4400.0,274999.0,A16 Bionic,6.1,iPhone 15 Pro 128GB
8.0,4400.0,284999.0,A16 Bionic,6.1,iPhone 15 Pro 256GB
8.0,4400.0,304999.0,A16 Bionic,6.1,iPhone 15 Pro 512GB
6.0,4500.0,314999.0,A16 Bionic,6.7,iPhone 15 Pro Max 128GB
8.0,4500.0,324999.0,A16 Bionic,6.7,iPhone 15 Pro Max 256GB
8.0,4500.0,344999.0,A16 Bionic,6.7,iPhone 15 Pro Max 512GB
6.0,3200.0,184999.0,A15 Bionic,6.1,iPhone 14 128GB
6.0,3200.0,194999.0,A15 Bionic,6.1,iPhone 14 256GB
6.0,3200.0,204999.0,A15 Bionic,6.1,iPhone 14 512GB
6.0,4325.0,204999.0,A15 Bionic,6.7,iPhone 14 Plus 128GB
6.0,4325.0,214999.0,A15 Bionic,6.7,iPhone 14 Plus 256GB
6.0,4325.0,224999.0,A15 Bionic,6.7,iPhone 14 Plus 512GB
6.0,4200.0,294999.0,A16 Bionic,6.1,iPhone 14 Pro 128GB
8.0,4200.0,304999.0,A16 Bionic,6.1,iPhone 14 Pro 256GB
8.0,4200.0,324999.0,A16 Bionic,6.1,iPhone 14 Pro 512GB
6.0,4500.0,324999.0,A16 Bionic,6.7,iPhone 14 Pro Max 128GB
8.0,4500.0,344999.0,A16 Bionic,6.7,iPhone 14 Pro Max 256GB
8.0,4500.0,364999.0,A16 Bionic,6.7,iPhone 14 Pro Max 512GB
4.0,2438.0,174999.0,A15 Bionic,5.4,iPhone 13 mini 128GB
4.0,2438.0,184999.0,A15 Bionic,5.4,iPhone 13 mini 256GB
4.0,2438.0,194999.0,A15 Bionic,5.4,iPhone 13 mini 512GB
4.0,3240.0,194999.0,A15 Bionic,6.1,iPhone 13 128GB
4.0,3240.0,204999.0,A15 Bionic,6.1,iPhone 13 256GB
4.0,3240.0,224999.0,A15 Bionic,6.1,iPhone 13 512GB
6.0,3095.0,294999.0,A15 Bionic,6.1,iPhone 13 Pro 128GB
6.0,3095.0,314999.0,A15 Bionic,6.1,iPhone 13 Pro 256GB
6.0,3095.0,344999.0,A15 Bionic,6.1,iPhone 13 Pro 512GB
6.0,4352.0,324999.0,A15 Bionic,6.7,iPhone 13 Pro Max 128GB
6.0,4352.0,354999.0,A15 Bionic,6.7,iPhone 13 Pro Max 256GB
6.0,4352.0,384999.0,A15 Bionic,6.7,iPhone 13 Pro Max 512GB
4.0,2227.0,174999.0,A14 Bionic,5.4,iPhone 12 mini 64GB
4.0,2227.0,184999.0,A14 Bionic,5.4,iPhone 12 mini 128GB
4.0,2227.0,194999.0,A14 Bionic,5.4,iPhone 12 mini 256GB
4.0,2815.0,194999.0,A14 Bionic,6.1,iPhone 12 64GB
4.0,2815.0,204999.0,A14 Bionic,6.1,iPhone 12 128GB
4.0,2815.0,224999.0,A14 Bionic,6.1,iPhone 12 256GB
6.0,2815.0,314999.0,A14 Bionic,6.1,iPhone 12 Pro 128GB
6.0,2815.0,334999.0,A14 Bionic,6.1,iPhone 12 Pro 256GB
6.0,2815.0,354999.0,A14 Bionic,6.1,iPhone 12 Pro 512GB
6.0,3687.0,344999.0,A14 Bionic,6.7,iPhone 12 Pro Max 128GB
6.0,3687.0,364999.0,A14 Bionic,6.7,iPhone 12 Pro Max 256GB
6.0,3687.0,384999.0,A14 Bionic,6.7,iPhone 12 Pro Max 512GB
4.0,3110.0,159999.0,A13 Bionic,6.1,iPhone 11 64GB
4.0,3110.0,169999.0,A13 Bionic,6.1,iPhone 11 128GB
4.0,3110.0,179999.0,A13 Bionic,6.1,iPhone 11 256GB
4.0,3046.0,219999.0,A13 Bionic,5.8,iPhone 11 Pro 64GB
4.0,3046.0,239999.0,A13 Bionic,5.8,iPhone 11 Pro 256GB
4.0,3046.0,259999.0,A13 Bionic,5.8,iPhone 11 Pro 512GB
4.0,3969.0,269999.0,A13 Bionic,6.5,iPhone 11 Pro Max 64GB
4.0,3969.0,289999.0,A13 Bionic,6.5,iPhone 11 Pro Max 256GB
4.0,3969.0,309999.0,A13 Bionic,6.5,iPhone 11 Pro Max 512GB
3.0,2716.0,164999.0,A11 Bionic,5.8,iPhone X 64GB
3.0,2716.0,184999.0,A11 Bionic,5.8,iPhone X 256GB
4.0,2658.0,219999.0,A12 Bionic,5.8,iPhone XS 64GB
4.0,2658.0,239999.0,A12 Bionic,5.8,iPhone XS 256GB
4.0,2658.0,259999.0,A12 Bionic,5.8,iPhone XS 512GB
4.0,3174.0,249999.0,A12 Bionic,6.5,iPhone XS Max 64GB
4.0,3174.0,269999.0,A12 Bionic,6.5,iPhone XS Max 256GB
4.0,3174.0,289999.0,A12 Bionic,6.5,iPhone XS Max 512GB
3.0,2942.0,149999.0,A12 Bionic,6.1,iPhone XR 64GB
3.0,2942.0,159999.0,A12 Bionic,6.1,iPhone XR 128GB
3.0,2942.0,179999.0,A12 Bionic,6.1,iPhone XR 256GB
4.0,7608.0,79999.0,A14 Bionic,10.9,iPad Air 10.9-inch 64GB
4.0,7608.0,89999.0,A14 Bionic,10.9,iPad Air 10.9-inch 256GB
3.0,8612.0,49999.0,A13 Bionic,10.2,iPad 10.2-inch 32GB
3.0,8612.0,59999.0,A13 Bionic,10.2,iPad 10.2-inch 128GB
3.0,5124.0,69999.0,A12 Bionic,7.9,iPad Mini 7.9-inch 64GB
3.0,5124.0,79999.0,A12 Bionic,7.9,iPad Mini 7.9-inch 256GB
4.0,7812.0,149999.0,A12Z Bionic,11.0,iPad Pro 11-inch 128GB
4.0,7812.0,169999.0,A12Z Bionic,11.0,iPad Pro 11-inch 256GB
6.0,7812.0,189999.0,A12Z Bionic,11.0,iPad Pro 11-inch 512GB
6.0,9720.0,219999.0,A12Z Bionic,12.9,iPad Pro 12.9-inch 128GB
6.0,9720.0,239999.0,A12Z Bionic,12.9,iPad Pro 12.9-inch 256GB
6.0,9720.0,259999.0,A12Z Bionic,12.9,iPad Pro 12.9-inch 512GB
6.0,10307.0,259999.0,A12Z Bionic,13.0,iPad Pro 13-inch 128GB
6.0,10307.0,279999.0,A12Z Bionic,13.0,iPad Pro 13-inch 256GB
6.0,10307.0,309999.0,A12Z Bionic,13.0,iPad Pro 13-inch 512GB
6.0,10307.0,359999.0,A12Z Bionic,13.0,iPad Pro 13-inch 1TB
6.0,10307.0,399999.0,A12Z Bionic,13.0,iPad Pro 13-inch 2TB
12.0,5000.0,450000.0,Exynos 2400,6.8,Galaxy S24 Ultra 128GB
12.0,5000.0,480000.0,Exynos 2400,6.8,Galaxy S24 Ultra 256GB
8.0,4800.0,400000.0,Exynos 2400,6.6,Galaxy S24+ 128GB
8.0,4800.0,430000.0,Exynos 2400,6.6,Galaxy S24+ 256GB
8.0,4000.0,350000.0,Exynos 2400,6.1,Galaxy S24 128GB
8.0,4000.0,380000.0,Exynos 2400,6.1,Galaxy S24 256GB
12.0,5000.0,430000.0,Snapdragon 8 Gen 2,6.8,Galaxy S23 Ultra 128GB
12.0,5000.0,460000.0,Snapdragon 8 Gen 2,6.8,Galaxy S23 Ultra 256GB
8.0,4700.0,360000.0,Snapdragon 8 Gen 2,6.6,Galaxy S23+ 128GB
8.0,4700.0,390000.0,Snapdragon 8 Gen 2,6.6,Galaxy S23+ 256GB
8.0,3900.0,320000.0,Snapdragon 8 Gen 2,6.1,Galaxy S23 128GB
8.0,3900.0,350000.0,Snapdragon 8 Gen 2,6.1,Galaxy S23 256GB
12.0,5000.0,420000.0,Exynos 2200,6.8,Galaxy S22 Ultra 128GB
12.0,5000.0,450000.0,Exynos 2200,6.8,Galaxy S22 Ultra 256GB
8.0,4500.0,350000.0,Exynos 2200,6.6,Galaxy S22+ 128GB
8.0,4500.0,380000.0,Exynos 2200,6.6,Galaxy S22+ 256GB
8.0,3800.0,300000.0,Exynos 2200,6.1,Galaxy S22 128GB
8.0,3800.0,330000.0,Exynos 2200,6.1,Galaxy S22 256GB
12.0,4400.0,500000.0,Snapdragon 8 Gen 2,7.6,Galaxy Z Fold 5 256GB
12.0,4400.0,550000.0,Snapdragon 8 Gen 2,7.6,Galaxy Z Fold 5 512GB
8.0,3700.0,350000.0,Snapdragon 8 Gen 2,6.7,Galaxy Z Flip 5 256GB
8.0,3700.0,380000.0,Snapdragon 8 Gen 2,6.7,Galaxy Z Flip 5 512GB
12.0,4400.0,480000.0,Snapdragon 8 Gen 1,7.6,Galaxy Z Fold 4 256GB
12.0,4400.0,530000.0,Snapdragon 8 Gen 1,7.6,Galaxy Z Fold 4 512GB
8.0,3700.0,320000.0,Snapdragon 8 Gen 1,6.7,Galaxy Z Flip 4 256GB
8.0,3700.0,350000.0,Snapdragon 8 Gen 1,6.7,Galaxy Z Flip 4 512GB
6.0,5000.0,85000.0,Exynos 1380,6.4,Galaxy A54 128GB
6.0,5000.0,95000.0,Exynos 1380,6.4,Galaxy A54 256GB
6.0,5000.0,75000.0,MediaTek Dimensity 1080,6.6,Galaxy A34 128GB
6.0,5000.0,85000.0,MediaTek Dimensity 1080,6.6,Galaxy A34 256GB
6.0,5000.0,70000.0,MediaTek Helio G99,6.5,Galaxy A24 128GB
6.0,5000.0,80000.0,MediaTek Helio G99,6.5,Galaxy A24 256GB
4.0,5000.0,60000.0,Exynos 850,6.6,Galaxy A14 128GB
4.0,5000.0,70000.0,Exynos 850,6.6,Galaxy A14 256GB
4.0,5000.0,50000.0,Exynos 850,6.5,Galaxy A04 64GB
4.0,5000.0,60000.0,Exynos 850,6.5,Galaxy A04 128GB
8.0,6000.0,95000.0,Exynos 1380,6.7,Galaxy M54 128GB
8.0,6000.0,105000.0,Exynos 1380,6.7,Galaxy M54 256GB
6.0,6000.0,70000.0,Exynos 1280,6.5,Galaxy M34 128GB
6.0,6000.0,80000.0,Exynos 1280,6.5,Galaxy M34 256GB
4.0,6000.0,60000.0,Exynos 850,6.6,Galaxy M14 128GB
4.0,6000.0,70000.0,Exynos 850,6.6,Galaxy M14 256GB
4.0,5000.0,50000.0,MediaTek Helio P35,6.5,Galaxy M04 64GB
4.0,5000.0,60000.0,MediaTek Helio P35,6.5,Galaxy M04 128GB
8.0,6000.0,85000.0,Exynos 1380,6.7,Galaxy F54 128GB
8.0,6000.0,95000.0,Exynos 1380,6.7,Galaxy F54 256GB
6.0,6000.0,70000.0,Exynos 1280,6.5,Galaxy F34 128GB
6.0,6000.0,80000.0,Exynos 1280,6.5,Galaxy F34 256GB
4.0,6000.0,60000.0,Exynos 850,6.6,Galaxy F14 128GB
4.0,6000.0,70000.0,Exynos 850,6.6,Galaxy F14 256GB
12.0,4500.0,180000.0,Exynos 990,6.9,Galaxy Note 20 Ultra 128GB
12.0,4500.0,200000.0,Exynos 990,6.9,Galaxy Note 20 Ultra 256GB
8.0,4300.0,150000.0,Exynos 990,6.7,Galaxy Note 20 128GB
8.0,4300.0,170000.0,Exynos 990,6.7,Galaxy Note 20 256GB
12.0,4300.0,160000.0,Exynos 9825,6.8,Galaxy Note 10+ 256GB
12.0,4300.0,180000.0,Exynos 9825,6.8,Galaxy Note 10+ 512GB
8.0,3500.0,140000.0,Exynos 9825,6.3,Galaxy Note 10 256GB
8.0,3500.0,120000.0,Exynos 9825,6.3,Galaxy Note 10 128GB
6.0,4050.0,75000.0,Exynos 1380,6.6,Galaxy Xcover 6 Pro 128GB
4.0,3000.0,50000.0,Exynos 850,5.3,Galaxy Xcover 5 64GB
4.0,3500.0,45000.0,Snapdragon 450,6.0,Galaxy J8 64GB
3.0,3600.0,40000.0,Exynos 7870,5.5,Galaxy J7 Pro 64GB
4.0,3300.0,40000.0,Snapdragon 425,6.0,Galaxy J6+ 64GB
2.0,3000.0,25000.0,Exynos 7570,5.5,Galaxy J4 16GB
6.0,4000.0,65000.0,Snapdragon 653,6.0,Galaxy C9 Pro 64GB
4.0,3300.0,50000.0,Snapdragon 625,5.7,Galaxy C7 Pro 64GB
4.0,2600.0,40000.0,Snapdragon 617,5.2,Galaxy C5 32GB
12.0,4500.0,280000.0,Snapdragon 888,7.6,Galaxy W22 5G 256GB
12.0,4500.0,260000.0,Snapdragon 888,7.6,Galaxy W21 5G 256GB
12.0,11200.0,350000.0,Snapdragon 8 Gen 2,14.6,Galaxy Tab S9 Ultra 256GB
12.0,10090.0,280000.0,Snapdragon 8 Gen 2,12.4,Galaxy Tab S9+ 256GB
8.0,8400.0,230000.0,Snapdragon 8 Gen 2,11.0,Galaxy Tab S9 128GB
6.0,8000.0,150000.0,Exynos 1380,10.9,Galaxy Tab S9 FE 128GB
12.0,11200.0,320000.0,Snapdragon 8 Gen 1,14.6,Galaxy Tab S8 Ultra 256GB
8.0,10090.0,250000.0,Snapdragon 8 Gen 1,12.4,Galaxy Tab S8+ 256GB
8.0,8000.0,200000.0,Snapdragon 8 Gen 1,11.0,Galaxy Tab S8 128GB
8.0,7040.0,100000.0,Snapdragon 695,11.0,Galaxy Tab A9+ 128GB
4.0,5100.0,75000.0,MediaTek Helio G99,8.7,Galaxy Tab A9 64GB
4.0,7040.0,68000.0,Unisoc T618,10.5,Galaxy Tab A8 64GB
3.0,5100.0,40000.0,MediaTek Helio P22T,8.7,Galaxy Tab A7 Lite 32GB
6.0,5050.0,150000.0,Exynos 1380,8.0,Galaxy Tab Active 5 128GB
6.0,7600.0,180000.0,Snapdragon 778G,10.1,Galaxy Tab Active 4 Pro 128GB
4.0,5050.0,120000.0,Exynos 9810,8.0,Galaxy Tab Active 3 64GB
1.0,5000.0,35000.0,Spreadtrum SC8830,10.1,Galaxy Tab E 10.1 16GB
1.0,5000.0,28000.0,Qualcomm MSM8916,8.0,Galaxy Tab E 8.0 16GB
12.0,5000.0,219999.0,Snapdragon 8 Gen 3,6.7,OnePlus 12 256GB
12.0,4500.0,169999.0,Snapdragon 8 Gen 2,6.7,OnePlus 12R 256GB
12.0,5000.0,179999.0,Snapdragon 8 Gen 1,6.7,OnePlus 11 256GB
12.0,5000.0,159999.0,Snapdragon 8 Gen 1,6.7,OnePlus 11R 256GB
12.0,5000.0,119999.0,MediaTek Dimensity 9000,6.74,OnePlus Nord 3 256GB
8.0,5000.0,85000.0,Snapdragon 782G,6.72,OnePlus Nord CE 3 128GB
8.0,5000.0,59999.0,Snapdragon 695,6.72,OnePlus Nord CE 3 Lite 128GB
8.0,5000.0,55000.0,MediaTek Dimensity 6020,6.72,OnePlus Nord N30 5G 128GB
16.0,4800.0,299999.0,Snapdragon 8 Gen 2,7.8,OnePlus Open 256GB
12.0,5000.0,199999.0,Snapdragon 8 Gen 1,6.7,OnePlus 10 Pro 256GB
12.0,4500.0,179999.0,Snapdragon 8+ Gen 1,6.7,OnePlus 10T 256GB
12.0,4500.0,179999.0,Snapdragon 888,6.7,OnePlus 9 Pro 256GB
8.0,4500.0,149999.0,Snapdragon 888,6.55,OnePlus 9 128GB
16.0,5000.0,219999.0,Snapdragon 8 Gen 2,6.7,OnePlus 11 Pro 256GB
8.0,4500.0,69999.0,MediaTek Dimensity 1300,6.43,OnePlus Nord 2T 128GB
8.0,4500.0,59999.0,MediaTek Dimensity 1200-AI,6.43,OnePlus Nord 2 128GB
4.0,5000.0,39999.0,Snapdragon 480,6.49,OnePlus Nord N200 64GB
4.0,5000.0,29999.0,Qualcomm Snapdragon 460,6.52,OnePlus Nord N100 64GB
12.0,4500.0,139999.0,Snapdragon 865,6.55,OnePlus 8T Cyberpunk 2077 Edition 256GB
8.0,4500.0,159999.0,Snapdragon 888,6.55,OnePlus 9T 128GB
12.0,4500.0,119999.0,Snapdragon 865,6.55,OnePlus 8T 256GB
12.0,4500.0,179999.0,Snapdragon 8+ Gen 1,6.7,OnePlus 10T 5G 256GB
8.0,4500.0,159999.0,Snapdragon 870,6.55,OnePlus 9R 5G 128GB
12.0,4510.0,159999.0,Snapdragon 865,6.78,OnePlus 8 Pro 256GB
8.0,4300.0,119999.0,Snapdragon 865,6.55,OnePlus 8 128GB
6.0,5000.0,49999.0,MediaTek Dimensity 900,6.59,OnePlus Nord CE 2 Lite 128GB
8.0,4500.0,64999.0,MediaTek Dimensity 1200,6.43,OnePlus Nord CE 2 128GB
6.0,4115.0,49999.0,Snapdragon 765G,6.44,OnePlus Nord 1 128GB
6.0,4500.0,54999.0,Snapdragon 750G,6.43,OnePlus Nord CE 5G 128GB
8.0,4500.0,69999.0,MediaTek Dimensity 1200-AI,6.43,OnePlus Nord 2 5G 128GB
4.0,5000.0,29999.0,Qualcomm Snapdragon 460,6.52,OnePlus Nord N100 5G 64GB
6.0,4300.0,49999.0,Qualcomm Snapdragon 690,6.49,OnePlus Nord N10 5G 128GB
8.0,4300.0,119999.0,Snapdragon 865,6.55,OnePlus 8R 128GB
6.0,3700.0,109999.0,Snapdragon 855,6.41,OnePlus 7R 128GB
10.0,3700.0,149999.0,Snapdragon 845,6.41,OnePlus 6T McLaren Edition 256GB
6.0,3300.0,89999.0,Snapdragon 835,6.01,OnePlus 5T Star Wars Edition 128GB
8.0,4500.0,219999.0,Snapdragon 8 Gen 2,6.7,OnePlus 13R 128GB
12.0,5000.0,199999.0,Snapdragon 8 Gen 2,6.7,OnePlus 11T 128GB
8.0,4500.0,169999.0,MediaTek Dimensity 8100,6.7,OnePlus 10R 128GB
12.0,4000.0,169999.0,Snapdragon 855,6.67,OnePlus 7 Pro 5G 256GB
6.0,3300.0,99999.0,Snapdragon 845,6.28,OnePlus 6 Special Edition 128GB
8.0,3300.0,94999.0,Snapdragon 835,5.5,OnePlus 5 Special Edition 128GB
8.0,4000.0,69999.0,Snapdragon 765G,6.44,OnePlus Nord X 128GB
12.0,4510.0,169999.0,Snapdragon 865,6.78,OnePlus 8 Pro McLaren Edition 256GB
12.0,4500.0,169999.0,Snapdragon 865,6.55,OnePlus 8T Cyberpunk Edition 256GB
12.0,4085.0,179999.0,Snapdragon 855,6.67,OnePlus 7T Pro 5G McLaren Edition 256GB
12.0,5000.0,229999.0,Snapdragon 8 Gen 3,6.7,OnePlus 15R 128GB
8.0,4800.0,199999.0,Snapdragon 8 Gen 2,6.55,OnePlus 14+ 128GB
12.0,5000.0,219999.0,Snapdragon 8 Gen 2,6.7,OnePlus 13 Pro 256GB
12.0,5000.0,219999.0,Snapdragon 8 Gen 2,6.7,OnePlus 12T 5G 256GB
8.0,9510.0,94999.0,MediaTek Dimensity 9000,11.61,OnePlus Pad
8.0,9510.0,104999.0,MediaTek Dimensity 9000,11.61,OnePlus Pad 2
12.0,11000.0,169999.0,Snapdragon 8 Gen 3,12.4,OnePlus Pad Pro
12.0,6000.0,199999.0,Dimensity 9400,6.78,X200 128GB
12.0,6000.0,219999.0,Dimensity 9400,6.78,X200 256GB
16.0,6000.0,229999.0,Dimensity 9400,6.78,X200 Pro 256GB
16.0,6000.0,249999.0,Dimensity 9400,6.78,X200 Pro 512GB
16.0,5700.0,189999.0,Dimensity 9400,6.31,X200 Pro Mini 256GB
8.0,4100.0,79999.0,Snapdragon 778G,6.44,V40e 128GB
12.0,5000.0,69999.0,Dimensity 1200,6.58,Y200 GT 128GB
8.0,5000.0,59999.0,Snapdragon 870,6.67,T3 5G 128GB
8.0,4500.0,54999.0,Dimensity 900,6.38,Y100 5G 128GB
12.0,4700.0,99999.0,Snapdragon 8 Gen 2,6.56,S18 Pro 256GB
12.0,4500.0,89999.0,Dimensity 1100,6.44,V30 Pro 128GB
16.0,5000.0,109999.0,Snapdragon 8 Gen 3,6.78,iQOO 12 256GB
6.0,3315.0,39999.0,Snapdragon 710,6.3,Z3 64GB
4.0,3260.0,34999.0,Snapdragon 626,6.3,V9 64GB
6.0,4000.0,42999.0,Snapdragon 653,5.88,X9 Plus 128GB
3.0,3260.0,22999.0,MediaTek Helio P22,6.22,Y81 32GB
2.0,2300.0,29999.0,Snapdragon 615,5.5,X5Max 16GB
4.0,3055.0,39999.0,Snapdragon 625,5.5,V5 Plus 64GB
4.0,4030.0,29999.0,Snapdragon 439,6.22,Y95 64GB
4.0,3000.0,24999.0,Snapdragon 652,5.5,V3 Max 32GB
1.0,2000.0,19999.0,MediaTek MT6592,5.0,X3S 16GB
3.0,3000.0,27999.0,Snapdragon 430,5.5,Y66 32GB
8.0,4500.0,49999.0,Qualcomm Snapdragon 712,6.44,V19 128GB
8.0,4500.0,54999.0,Qualcomm Snapdragon 712,6.44,V19 256GB
8.0,4100.0,54999.0,Qualcomm Snapdragon 675,6.44,V17 Pro 128GB
8.0,4100.0,59999.0,Qualcomm Snapdragon 675,6.44,V17 Pro 256GB
3.0,5000.0,18999.0,MediaTek Helio P35,6.51,Y12s 64GB
4.0,5000.0,22999.0,MediaTek Helio P35,6.51,Y12s 128GB
6.0,4500.0,39999.0,MediaTek Helio P65,6.38,S1 Pro 128GB
6.0,4500.0,44999.0,MediaTek Helio P65,6.38,S1 Pro 256GB
3.0,5000.0,18499.0,Qualcomm Snapdragon 439,6.35,Y11 32GB
3.0,5000.0,22499.0,Qualcomm Snapdragon 439,6.35,Y11 64GB
6.0,4000.0,34999.0,MediaTek Helio P70,6.53,V15 128GB
6.0,4000.0,39999.0,MediaTek Helio P70,6.53,V15 256GB
8.0,4000.0,59999.0,Qualcomm Snapdragon 710,6.39,X27 Pro 128GB
8.0,4000.0,64999.0,Qualcomm Snapdragon 710,6.39,X27 Pro 256GB
4.0,5000.0,24999.0,MediaTek Helio P35,6.47,Y30 128GB
3.0,5000.0,19999.0,MediaTek Helio P35,6.47,Y30 64GB
4.0,4500.0,29999.0,Qualcomm Snapdragon 712,6.53,Z1 Pro 64GB
6.0,4500.0,34999.0,Qualcomm Snapdragon 712,6.53,Z1 Pro 128GB
6.0,3200.0,39999.0,Qualcomm Snapdragon 660,6.28,X21 128GB
4.0,3200.0,34999.0,Qualcomm Snapdragon 660,6.28,X21 64GB
8.0,4050.0,39999.0,MediaTek Helio G96,6.44,V23e 128GB
8.0,4050.0,44999.0,MediaTek Helio G96,6.44,V23e 256GB
8.0,5000.0,34999.0,MediaTek Helio G80,6.58,Y33s 128GB
4.0,5000.0,29999.0,MediaTek Helio G80,6.58,Y33s 64GB
12.0,4200.0,109999.0,Qualcomm Snapdragon 870,6.56,X60 Pro 256GB
12.0,4200.0,119999.0,Qualcomm Snapdragon 870,6.56,X60 Pro 512GB
8.0,4000.0,49999.0,Qualcomm Snapdragon 765G,6.44,V20 Pro 128GB
8.0,4000.0,54999.0,Qualcomm Snapdragon 765G,6.44,V20 Pro 256GB
8.0,5000.0,54999.0,MediaTek Dimensity 700,6.58,Y75 5G 128GB
8.0,5000.0,59999.0,MediaTek Dimensity 700,6.58,Y75 5G 256GB
6.0,5000.0,34999.0,MediaTek Helio G80,6.58,Y53s 128GB
6.0,5000.0,29999.0,MediaTek Helio G80,6.58,Y53s 64GB
6.0,3700.0,44999.0,Qualcomm Snapdragon 675,6.39,V15 Pro 128GB
6.0,3700.0,49999.0,Qualcomm Snapdragon 675,6.39,V15 Pro 256GB
8.0,4450.0,99999.0,MediaTek Dimensity 1200,6.56,X70 Pro 128GB
8.0,4450.0,109999.0,MediaTek Dimensity 1200,6.56,X70 Pro 256GB
6.0,5000.0,39999.0,Qualcomm Snapdragon 695,6.58,T1 5G 128GB
8.0,5000.0,44999.0,Qualcomm Snapdragon 695,6.58,T1 5G 256GB
8.0,4200.0,109999.0,Qualcomm Snapdragon 855,6.44,X30 Pro 128GB
8.0,4200.0,119999.0,Qualcomm Snapdragon 855,6.44,X30 Pro 256GB
8.0,4600.0,79999.0,MediaTek Dimensity 8200,6.78,V27 128GB
8.0,4600.0,84999.0,MediaTek Dimensity 8200,6.78,V27 256GB
8.0,4600.0,89999.0,MediaTek Dimensity 8200,6.78,V27 Pro 128GB
8.0,4600.0,94999.0,MediaTek Dimensity 8200,6.78,V27 Pro 256GB
8.0,4830.0,79999.0,MediaTek Dimensity 1300,6.56,V25 Pro 128GB
8.0,4830.0,85999.0,MediaTek Dimensity 1300,6.56,V25 Pro 256GB
12.0,4870.0,199999.0,MediaTek Dimensity 9200,6.78,X90 Pro 256GB
12.0,4870.0,229999.0,MediaTek Dimensity 9200,6.78,X90 Pro 512GB
8.0,4500.0,59999.0,MediaTek Dimensity 900,6.44,Y100 128GB
8.0,4500.0,64999.0,MediaTek Dimensity 900,6.44,Y100 256GB
8.0,4500.0,49999.0,Qualcomm Snapdragon 695,6.44,T2 Series 128GB
8.0,4500.0,54999.0,Qualcomm Snapdragon 695,6.44,T2 Series 256GB
8.0,4200.0,69999.0,MediaTek Dimensity 920,6.44,V23 5G 128GB
8.0,4200.0,74999.0,MediaTek Dimensity 920,6.44,V23 5G 256GB
12.0,4700.0,179999.0,MediaTek Dimensity 9000,6.78,X80 256GB
12.0,4700.0,199999.0,MediaTek Dimensity 9000,6.78,X80 512GB
4.0,5000.0,29999.0,MediaTek Helio P35,6.51,Y21 128GB
4.0,5000.0,26999.0,MediaTek Helio P35,6.51,Y21 64GB
6.0,8040.0,64999.0,Snapdragon 870,11.0,Pad 128GB
8.0,8040.0,74999.0,MediaTek Dimensity 1200,11.0,Pad 2 256GB
6.0,8040.0,58999.0,Snapdragon 870,10.4,Pad Air 128GB
6.0,8040.0,62999.0,Snapdragon 750G,11.0,Pad 3 128GB
8.0,8040.0,84999.0,Snapdragon 888,12.3,Pad 3 Pro 256GB
8.0,8040.0,94999.0,MediaTek Dimensity 9000,12.9,Pad 4 Pro 256GB
6.0,8040.0,69999.0,Snapdragon 870,11.0,Pad 128GB
8.0,8040.0,79999.0,Snapdragon 888,12.3,Pad 2 256GB
8.0,8040.0,89999.0,Snapdragon 8 Gen 1,12.3,Pad 2 Pro 256GB
12.0,4805.0,299999.0,Snapdragon 8 Gen 2,7.82,Find N3 512GB
12.0,4300.0,199999.0,MediaTek Dimensity 9200,6.8,Find N3 Flip 256GB
12.0,5000.0,249999.0,Snapdragon 8 Gen 2,6.8,Find X8 Pro 256GB
8.0,4800.0,199999.0,Snapdragon 8 Gen 2,6.7,Find X8 256GB
8.0,5800.0,79999.0,MediaTek Helio G100,6.67,Reno13 F 4G 256GB
8.0,5800.0,79999.0,MediaTek Helio G100,6.67,Reno13 F 256GB
12.0,5800.0,129999.0,MediaTek Dimensity 8350,6.83,Reno13 Pro 512GB
12.0,5600.0,99999.0,MediaTek Dimensity 8350,6.59,Reno13 256GB
8.0,5000.0,69999.0,Snapdragon 685,6.7,Reno12 F 4G 256GB
8.0,5000.0,69999.0,Snapdragon 685,6.7,Reno12 F 256GB
12.0,4600.0,119999.0,MediaTek Dimensity 8200,6.74,Reno12 Pro 512GB
8.0,5000.0,89999.0,MediaTek Dimensity 7050,6.7,Reno12 256GB
8.0,5000.0,79999.0,MediaTek Dimensity 7050,6.7,Reno11 F 256GB
12.0,4600.0,109999.0,MediaTek Dimensity 8200,6.74,Reno11 Pro 512GB
8.0,6000.0,89999.0,Dimensity 7300,6.7,A5 Pro 256GB
12.0,6000.0,99999.0,Dimensity 7300,6.7,A5 Pro 512GB
8.0,5100.0,79999.0,Dimensity 6300,6.67,A80 256GB
4.0,5000.0,59999.0,Snapdragon 6s 4G Gen 1,6.7,A3 4G 128GB
4.0,5100.0,64999.0,Snapdragon 6s 4G Gen 1,6.67,A3x 4G 128GB
6.0,5100.0,69999.0,Snapdragon 6s 4G Gen 1,6.67,A3x 4G 256GB
4.0,5000.0,59999.0,Snapdragon 6s 4G Gen 1,6.7,A3 128GB
4.0,5100.0,64999.0,Snapdragon 6s 4G Gen 1,6.67,A3x 128GB
6.0,5100.0,69999.0,Snapdragon 6s 4G Gen 1,6.67,A3x 256GB
4.0,5000.0,59999.0,Snapdragon 6s 4G Gen 1,6.7,A3 128GB
8.0,5000.0,69999.0,Snapdragon 680 4G,6.67,A60 128GB
8.0,5000.0,74999.0,Snapdragon 680 4G,6.67,A60 256GB
8.0,6400.0,109999.0,Snapdragon 7 Gen 3,6.7,K12 Plus 256GB
12.0,6400.0,119999.0,Snapdragon 7 Gen 3,6.7,K12 Plus 512GB
8.0,5000.0,79999.0,Dimensity 7050,6.7,F27 128GB
8.0,5000.0,84999.0,Dimensity 7050,6.7,F27 256GB
8.0,5000.0,89999.0,Dimensity 7050,6.7,F27 Pro+ 256GB
12.0,5000.0,99999.0,Dimensity 7050,6.7,F27 Pro+ 512GB
8.0,4500.0,74999.0,Snapdragon 778G,6.55,F25 Pro 128GB
8.0,4500.0,79999.0,Snapdragon 778G,6.55,F25 Pro 256GB
8.0,9510.0,99999.0,Dimensity 8350,11.6,Pad 3 128GB
12.0,9510.0,109999.0,Dimensity 8350,11.6,Pad 3 256GB
12.0,9510.0,119999.0,Snapdragon 8 Gen 3,12.1,Pad 3 Pro 256GB
16.0,9510.0,129999.0,Snapdragon 8 Gen 3,12.1,Pad 3 Pro 512GB
6.0,8360.0,79999.0,Snapdragon 870,11.0,Pad Neo 128GB
8.0,8360.0,89999.0,Snapdragon 870,11.0,Pad Neo 256GB
12.0,5000.0,199999.0,Snapdragon 8 Gen 3,6.82,Find X7 Ultra 256GB
16.0,5000.0,219999.0,Snapdragon 8 Gen 3,6.82,Find X7 Ultra 512GB
12.0,5000.0,179999.0,Dimensity 9300,6.78,Find X7 256GB
16.0,5000.0,199999.0,Dimensity 9300,6.78,Find X7 512GB
12.0,5000.0,169999.0,Snapdragon 8 Gen 2,6.82,Find X6 Pro 256GB
16.0,5000.0,189999.0,Snapdragon 8 Gen 2,6.82,Find X6 Pro 512GB
12.0,4800.0,149999.0,Dimensity 9200,6.74,Find X6 256GB
16.0,4800.0,169999.0,Dimensity 9200,6.74,Find X6 512GB
12.0,5000.0,159999.0,Snapdragon 8 Gen 1,6.7,Find X5 Pro 256GB
16.0,5000.0,179999.0,Snapdragon 8 Gen 1,6.7,Find X5 Pro 512GB
8.0,4800.0,139999.0,Snapdragon 888,6.55,Find X5 256GB
8.0,4300.0,149999.0,Dimensity 9000+,6.8,Find N2 Flip 256GB
12.0,4300.0,169999.0,Dimensity 9000+,6.8,Find N2 Flip 512GB
12.0,4520.0,179999.0,Snapdragon 8+ Gen 1,7.1,Find N2 256GB
8.0,5000.0,129999.0,Dimensity 7050,6.7,Reno10 5G 128GB
8.0,5000.0,149999.0,Dimensity 7050,6.7,Reno10 5G 256GB
12.0,4600.0,169999.0,Snapdragon 778G,6.7,Reno10 Pro 5G 256GB
16.0,4700.0,199999.0,Snapdragon 8+ Gen 1,6.74,Reno10 Pro+ 5G 256GB
8.0,4500.0,109999.0,Snapdragon 778G,6.7,Reno9 5G 128GB
12.0,4500.0,129999.0,Snapdragon 778G,6.7,Reno9 5G 256GB
16.0,4500.0,159999.0,Dimensity 8100,6.7,Reno9 Pro 5G 256GB
16.0,4700.0,189999.0,Snapdragon 8+ Gen 1,6.7,Reno9 Pro+ 5G 256GB
8.0,4500.0,89999.0,Dimensity 1300,6.4,Reno8 5G 128GB
12.0,4500.0,99999.0,Dimensity 1300,6.4,Reno8 5G 256GB
12.0,4500.0,129999.0,Dimensity 8100,6.7,Reno8 Pro 5G 256GB
12.0,4500.0,139999.0,Dimensity 8100,6.7,Reno8 Pro+ 5G 256GB
8.0,4500.0,79999.0,Dimensity 900,6.4,Reno7 5G 128GB
12.0,4500.0,89999.0,Dimensity 900,6.4,Reno7 5G 256GB
12.0,4500.0,109999.0,Dimensity 1200,6.55,Reno7 Pro 5G 256GB
8.0,4300.0,79999.0,Dimensity 900,6.43,Reno6 5G 128GB
12.0,4300.0,89999.0,Dimensity 900,6.43,Reno6 5G 256GB
8.0,4500.0,99999.0,Dimensity 1200,6.55,Reno6 Pro 5G 128GB
12.0,4500.0,109999.0,Dimensity 1200,6.55,Reno6 Pro 5G 256GB
12.0,4500.0,129999.0,Snapdragon 870,6.55,Reno6 Pro+ 5G 256GB
8.0,4300.0,69999.0,Snapdragon 765G,6.43,Reno5 5G 128GB
12.0,4300.0,79999.0,Snapdragon 765G,6.43,Reno5 5G 256GB
8.0,4350.0,89999.0,Dimensity 1000+,6.55,Reno5 Pro 5G 128GB
12.0,4350.0,99999.0,Dimensity 1000+,6.55,Reno5 Pro 5G 256GB
12.0,4500.0,119999.0,Snapdragon 865,6.55,Reno5 Pro+ 5G 256GB
8.0,4000.0,59999.0,Snapdragon 765G,6.43,Reno4 5G 128GB
8.0,4000.0,69999.0,Snapdragon 765G,6.43,Reno4 5G 256GB
12.0,4000.0,99999.0,Snapdragon 765G,6.55,Reno4 Pro 5G 256GB
8.0,4025.0,49999.0,Dimensity 1000L,6.4,Reno3 5G 128GB
12.0,4025.0,59999.0,Dimensity 1000L,6.4,Reno3 5G 256GB
12.0,4025.0,79999.0,Snapdragon 765G,6.5,Reno3 Pro 5G 256GB
6.0,5000.0,39999.0,MediaTek Dimensity 6020,6.56,A59 5G 128GB
8.0,5000.0,44999.0,MediaTek Dimensity 6020,6.56,A59 5G 256GB
8.0,5000.0,49999.0,MediaTek Dimensity 700,6.56,A58 5G 256GB
6.0,5000.0,34999.0,MediaTek Dimensity 810,6.56,A57 5G 128GB
6.0,5000.0,32999.0,MediaTek Dimensity 700,6.5,A56 5G 128GB
6.0,5000.0,29999.0,MediaTek Dimensity 700,6.5,A55 5G 128GB
6.0,5000.0,34999.0,Qualcomm Snapdragon 480,6.5,A54 5G 128GB
4.0,4040.0,27999.0,MediaTek Dimensity 720,6.5,A53 5G 128GB
4.0,4000.0,25999.0,MediaTek Dimensity 720,6.5,A52 5G 128GB
4.0,4000.0,23999.0,MediaTek Dimensity 700,6.5,A51 5G 128GB
4.0,4000.0,21999.0,MediaTek Dimensity 700,6.5,A50 5G 128GB
4.0,4000.0,19999.0,MediaTek Dimensity 700,6.5,A49 5G 128GB
4.0,5100.0,39999.0,Qualcomm Snapdragon 6s Gen 1,6.67,A40 128GB
6.0,5100.0,44999.0,Qualcomm Snapdragon 6s Gen 1,6.67,A40 256GB
8.0,5000.0,59999.0,Qualcomm Snapdragon 695,6.72,K11x 128GB
12.0,5000.0,64999.0,Qualcomm Snapdragon 695,6.72,K11x 256GB
6.0,5000.0,54999.0,Qualcomm Snapdragon 695,6.59,K10x 128GB
8.0,5000.0,59999.0,Qualcomm Snapdragon 695,6.59,K10x 256GB
8.0,5000.0,64999.0,MediaTek Dimensity 8000-Max,6.59,K10 5G 128GB
6.0,5000.0,49999.0,MediaTek Dimensity 810,6.5,K9x 128GB
8.0,5000.0,54999.0,MediaTek Dimensity 810,6.5,K9x 256GB
8.0,4500.0,69999.0,MediaTek Dimensity 1200,6.43,K9 Pro 5G 128GB
12.0,4500.0,74999.0,MediaTek Dimensity 1200,6.43,K9 Pro 5G 256GB
8.0,4300.0,59999.0,Qualcomm Snapdragon 768G,6.43,K9 5G 128GB
8.0,4300.0,64999.0,Qualcomm Snapdragon 768G,6.43,K9 5G 256GB
6.0,5000.0,44999.0,MediaTek Dimensity 720,6.5,K7x 128GB
8.0,4025.0,49999.0,Qualcomm Snapdragon 765G,6.4,K7 5G 128GB
8.0,4025.0,54999.0,Qualcomm Snapdragon 765G,6.4,K7 5G 256GB
8.0,5000.0,59999.0,Qualcomm Snapdragon 695,6.72,K11x 128GB
12.0,5000.0,64999.0,Qualcomm Snapdragon 695,6.72,K11x 256GB
8.0,5000.0,69999.0,Qualcomm Snapdragon 782G,6.7,K11 128GB
12.0,5000.0,74999.0,Qualcomm Snapdragon 782G,6.7,K11 256GB
6.0,5000.0,54999.0,Qualcomm Snapdragon 695,6.59,K10x 128GB
8.0,5000.0,59999.0,Qualcomm Snapdragon 695,6.59,K10x 256GB
8.0,5000.0,64999.0,MediaTek Dimensity 8000-Max,6.59,K10 5G 128GB
12.0,5000.0,69999.0,MediaTek Dimensity 8000-Max,6.59,K10 5G 256GB
6.0,5000.0,49999.0,MediaTek Dimensity 810,6.5,K9x 128GB
8.0,5000.0,54999.0,MediaTek Dimensity 810,6.5,K9x 256GB
8.0,4500.0,69999.0,MediaTek Dimensity 1200,6.43,K9 Pro 5G 128GB
12.0,4500.0,74999.0,MediaTek Dimensity 1200,6.43,K9 Pro 5G 256GB
8.0,4300.0,59999.0,Qualcomm Snapdragon 768G,6.43,K9 5G 128GB
8.0,4300.0,64999.0,Qualcomm Snapdragon 768G,6.43,K9 5G 256GB
6.0,5000.0,44999.0,MediaTek Dimensity 720,6.5,K7x 128GB
8.0,4025.0,49999.0,Qualcomm Snapdragon 765G,6.4,K7 5G 128GB
12.0,6500.0,139999.0,Qualcomm Snapdragon 8 Elite,6.78,GT 7 Pro 128GB
16.0,6500.0,149999.0,Qualcomm Snapdragon 8 Elite,6.78,GT 7 Pro 256GB
8.0,5500.0,89999.0,Qualcomm Snapdragon 8s Gen 3,6.78,GT 6 128GB
12.0,5500.0,94999.0,Qualcomm Snapdragon 8s Gen 3,6.78,GT 6 256GB
16.0,5500.0,99999.0,Qualcomm Snapdragon 8s Gen 3,6.78,GT 6 512GB
8.0,5500.0,84999.0,Qualcomm Snapdragon 7 Plus Gen 3,6.78,GT 6T 128GB
8.0,5500.0,89999.0,Qualcomm Snapdragon 7 Plus Gen 3,6.78,GT 6T 256GB
12.0,6000.0,94999.0,Qualcomm Snapdragon 7s Gen 3,6.83,14 Pro+ 5G 256GB
12.0,6000.0,99999.0,Qualcomm Snapdragon 7s Gen 3,6.83,14 Pro+ 5G 512GB
8.0,5800.0,79999.0,MediaTek Dimensity 7300 Energy,6.7,14 Pro 5G 128GB
8.0,5800.0,84999.0,MediaTek Dimensity 7300 Energy,6.7,14 Pro 5G 256GB
6.0,5500.0,64999.0,Qualcomm Snapdragon 7s Gen 2,6.6,14x 5G 128GB
8.0,5500.0,69999.0,Qualcomm Snapdragon 7s Gen 2,6.6,14x 5G 256GB
8.0,5000.0,59999.0,MediaTek Dimensity 7200,6.5,13+ 5G 128GB
8.0,5000.0,64999.0,MediaTek Dimensity 7200,6.5,13+ 5G 256GB
6.0,5000.0,49999.0,MediaTek Dimensity 6100+,6.6,13 5G 128GB
8.0,5000.0,54999.0,MediaTek Dimensity 6100+,6.6,13 5G 256GB
8.0,5200.0,74999.0,Qualcomm Snapdragon 7s Gen 2,6.7,13 Pro 5G 128GB
12.0,5200.0,79999.0,Qualcomm Snapdragon 7s Gen 2,6.7,13 Pro 5G 256GB
12.0,5500.0,94999.0,Qualcomm Snapdragon 7+ Gen 2,6.78,13 Pro+ 5G 256GB
16.0,5500.0,99999.0,Qualcomm Snapdragon 7+ Gen 2,6.78,13 Pro+ 5G 512GB
8.0,5100.0,54999.0,MediaTek Dimensity 8100,6.7,P1 Speed 5G 128GB
12.0,5100.0,59999.0,MediaTek Dimensity 8100,6.7,P1 Speed 5G 256GB
12.0,5500.0,89999.0,Qualcomm Snapdragon 7+ Gen 3,6.78,P2 Pro 5G 256GB
16.0,5500.0,94999.0,Qualcomm Snapdragon 7+ Gen 3,6.78,P2 Pro 5G 512GB
6.0,5000.0,44999.0,MediaTek Dimensity 6100+,6.6,P1 5G 128GB
8.0,5000.0,49999.0,MediaTek Dimensity 6100+,6.6,P1 5G 256GB
8.0,5200.0,59999.0,Qualcomm Snapdragon 7s Gen 1,6.7,P1 Pro 5G 128GB
12.0,5200.0,64999.0,Qualcomm Snapdragon 7s Gen 1,6.7,P1 Pro 5G 256GB
8.0,5000.0,54999.0,MediaTek Dimensity 810,6.6,Narzo 70 Turbo 5G 128GB
8.0,5000.0,59999.0,MediaTek Dimensity 810,6.6,Narzo 70 Turbo 5G 256GB
6.0,5000.0,39999.0,MediaTek Helio G99,6.5,Narzo N61 128GB
6.0,5000.0,37999.0,MediaTek Helio G88,6.5,Narzo N63 128GB
8.0,5000.0,47999.0,MediaTek Dimensity 700,6.6,Narzo N65 5G 128GB
8.0,5200.0,52999.0,MediaTek Dimensity 810,6.6,Narzo 70 5G 128GB
6.0,5000.0,37999.0,MediaTek Helio G85,6.6,C75 128GB
8.0,5000.0,42999.0,MediaTek Helio G85,6.6,C75 256GB
4.0,5000.0,32999.0,Unisoc T612,6.5,C61 128GB
6.0,5000.0,39999.0,MediaTek Helio G88,6.6,C67 128GB
8.0,5000.0,44999.0,MediaTek Helio G88,6.6,C67 256GB
6.0,5000.0,37999.0,Qualcomm Snapdragon 680,6.6,C65 128GB
8.0,5000.0,42999.0,Qualcomm Snapdragon 680,6.6,C65 256GB
6.0,5000.0,36999.0,MediaTek Helio G85,6.6,C63 128GB
6.0,5000.0,39999.0,MediaTek Helio G88,6.72,C55 128GB
8.0,5000.0,44999.0,MediaTek Helio G88,6.72,C55 256GB
6.0,5200.0,47999.0,MediaTek Dimensity 6100+,6.6,Note 60x 128GB
6.0,5200.0,49999.0,MediaTek Dimensity 810,6.6,Note 60 128GB
8.0,5200.0,54999.0,MediaTek Dimensity 810,6.6,Note 60 256GB
6.0,5000.0,42999.0,MediaTek Helio G99,6.5,Note 50 128GB
8.0,5200.0,124999.0,Qualcomm Snapdragon 8 Gen 2,6.8,GT 7 128GB
12.0,5200.0,139999.0,Qualcomm Snapdragon 8 Gen 2,6.8,GT 7 256GB
8.0,5000.0,79999.0,MediaTek Dimensity 8200,6.7,Neo 7 128GB
12.0,5000.0,94999.0,MediaTek Dimensity 8200,6.7,Neo 7 256GB
8.0,5100.0,84999.0,MediaTek Dimensity 9200,6.7,P2 Pro 5G 128GB
12.0,5100.0,99999.0,MediaTek Dimensity 9200,6.7,P2 Pro 5G 256GB
4.0,7100.0,57999.0,MediaTek Helio G80,10.4,Pad 64GB
6.0,7100.0,64999.0,MediaTek Helio G80,10.4,Pad 128GB
6.0,8360.0,74999.0,MediaTek Helio G99,11.5,Pad 2 128GB
8.0,8360.0,84999.0,MediaTek Helio G99,11.5,Pad 2 256GB
4.0,7100.0,54999.0,MediaTek Helio G85,10.4,Pad 2 Lite 64GB
6.0,7100.0,61999.0,MediaTek Helio G85,10.4,Pad 2 Lite 128GB
4.0,8340.0,79999.0,Qualcomm Snapdragon 695,11.0,Pad X 64GB
6.0,8340.0,89999.0,Qualcomm Snapdragon 695,11.0,Pad X 128GB
3.0,6400.0,44999.0,Unisoc T616,8.7,Pad Mini 32GB
4.0,6400.0,49999.0,Unisoc T616,8.7,Pad Mini 64GB
4.0,7100.0,56999.0,MediaTek Helio G80,10.4,Pad Slim 64GB
6.0,7100.0,62999.0,MediaTek Helio G80,10.4,Pad Slim 128GB
4.0,7200.0,59999.0,MediaTek Helio G85,10.5,TechLife Pad Neo 64GB
6.0,7200.0,64999.0,MediaTek Helio G85,10.5,TechLife Pad Neo 128GB
12.0,6100.0,199999.0,Snapdragon 8 Elite,6.73,Xiaomi 15 Pro 256GB
16.0,6100.0,219999.0,Snapdragon 8 Elite,6.73,Xiaomi 15 Pro 512GB
16.0,6100.0,239999.0,Snapdragon 8 Elite,6.73,Xiaomi 15 Pro 1TB
12.0,5400.0,179999.0,Snapdragon 8 Elite,6.36,Xiaomi 15 256GB
16.0,5400.0,199999.0,Snapdragon 8 Elite,6.36,Xiaomi 15 512GB
12.0,5000.0,169999.0,Dimensity 9300+,6.67,Xiaomi 14T Pro 256GB
12.0,5000.0,189999.0,Dimensity 9300+,6.67,Xiaomi 14T Pro 512GB
12.0,5000.0,209999.0,Dimensity 9300+,6.67,Xiaomi 14T Pro 1TB
12.0,5000.0,149999.0,Dimensity 8300-Ultra,6.67,Xiaomi 14T 256GB
12.0,5000.0,169999.0,Dimensity 8300-Ultra,6.67,Xiaomi 14T 512GB
12.0,5000.0,189999.0,Snapdragon 8 Gen 3,6.73,Xiaomi 14 Pro 256GB
12.0,5000.0,209999.0,Snapdragon 8 Gen 3,6.73,Xiaomi 14 Pro 512GB
12.0,4610.0,169999.0,Snapdragon 8 Gen 3,6.36,Xiaomi 14 256GB
12.0,4610.0,189999.0,Snapdragon 8 Gen 3,6.36,Xiaomi 14 512GB
8.0,5110.0,89999.0,Snapdragon 7s Gen 3,6.67,Redmi Note 14 Pro+ 5G 128GB
12.0,5110.0,99999.0,Snapdragon 7s Gen 3,6.67,Redmi Note 14 Pro+ 5G 256GB
16.0,5110.0,109999.0,Snapdragon 7s Gen 3,6.67,Redmi Note 14 Pro+ 5G 512GB
8.0,5500.0,79999.0,MediaTek Dimensity 7300-Ultra,6.67,Redmi Note 14 Pro 5G 128GB
12.0,5500.0,89999.0,MediaTek Dimensity 7300-Ultra,6.67,Redmi Note 14 Pro 5G 256GB
6.0,5000.0,69999.0,Qualcomm Snapdragon 732G,6.67,Redmi Note 14 Pro 4G 128GB
8.0,5000.0,79999.0,Qualcomm Snapdragon 732G,6.67,Redmi Note 14 Pro 4G 256GB
6.0,5000.0,59999.0,MediaTek Dimensity 7025-Ultra,6.67,Redmi Note 14 5G 128GB
8.0,5000.0,69999.0,MediaTek Dimensity 7025-Ultra,6.67,Redmi Note 14 5G 256GB
4.0,5000.0,49999.0,Qualcomm Snapdragon 680,6.67,Redmi Note 14 4G 128GB
6.0,5000.0,59999.0,Qualcomm Snapdragon 680,6.67,Redmi Note 14 4G 256GB
4.0,5000.0,39999.0,MediaTek Dimensity 700,6.5,Redmi 14C 5G 64GB
6.0,5000.0,44999.0,MediaTek Dimensity 700,6.5,Redmi 14C 5G 128GB
8.0,5100.0,139999.0,Snapdragon 8+ Gen 1,6.67,Legion Y70 128GB
12.0,5100.0,159999.0,Snapdragon 8+ Gen 1,6.67,Legion Y70 256GB
16.0,5100.0,179999.0,Snapdragon 8+ Gen 1,6.67,Legion Y70 512GB
4.0,5000.0,29999.0,Unisoc T700,6.5,K14 Plus 64GB
6.0,5000.0,34999.0,Unisoc T700,6.5,K14 Plus 128GB
6.0,5000.0,39999.0,Snapdragon 662,6.8,K13 Pro 128GB
2.0,5000.0,19999.0,Unisoc SC9863A,6.52,K13 32GB
4.0,5000.0,29999.0,Snapdragon 460,6.5,K13 Note 64GB
4.0,4050.0,24999.0,Snapdragon 632,6.22,K10 Plus 64GB
3.0,4000.0,19999.0,Helio P22,6.09,A6 Note 32GB
4.0,4050.0,29999.0,Snapdragon 710,6.3,K10 Note 64GB
6.0,4050.0,34999.0,Snapdragon 710,6.3,K10 Note 128GB
6.0,4000.0,69999.0,Snapdragon 855,6.39,Z6 Pro 128GB
8.0,4000.0,79999.0,Snapdragon 855,6.39,Z6 Pro 256GB
6.0,3350.0,49999.0,Snapdragon 710,6.39,Z5 Pro 64GB
8.0,5000.0,139999.0,Snapdragon 7 Gen 1,6.7,Edge 50 Fusion 128GB
12.0,5000.0,159999.0,Snapdragon 7 Gen 1,6.7,Edge 50 Fusion 256GB
8.0,4500.0,169999.0,Snapdragon 7 Gen 3,6.7,Edge 50 Pro 128GB
12.0,4500.0,189999.0,Snapdragon 7 Gen 3,6.7,Edge 50 Pro 256GB
8.0,3500.0,199999.0,Snapdragon 8+ Gen 1,6.7,Razr 128GB
12.0,3500.0,219999.0,Snapdragon 8+ Gen 1,6.7,Razr 256GB
8.0,5000.0,79999.0,Snapdragon 695,6.5,G84 5G 128GB
12.0,5000.0,89999.0,Snapdragon 695,6.5,G84 5G 256GB
4.0,5000.0,49999.0,MediaTek Helio G88,6.8,Moto G Stylus 64GB
6.0,5000.0,54999.0,MediaTek Helio G88,6.8,Moto G Stylus 128GB
6.0,3500.0,39999.0,Exynos 9609,6.3,One Vision 3 128GB
8.0,3500.0,44999.0,Exynos 9609,6.3,One Vision 3 256GB
6.0,5000.0,59999.0,Snapdragon 695,6.7,Edge 50 Lite 128GB
8.0,5000.0,64999.0,Snapdragon 695,6.7,Edge 50 Lite 256GB
4.0,5000.0,29999.0,Unisoc T700,6.5,Moto E40 Plus 64GB
6.0,5000.0,34999.0,Unisoc T700,6.5,Moto E40 Plus 128GB
4.0,5000.0,39999.0,Snapdragon 662,6.6,Moto G Power 64GB
6.0,5000.0,44999.0,Snapdragon 662,6.6,Moto G Power 128GB
3.0,5000.0,24999.0,MediaTek Helio G25,6.5,Moto G Play 32GB
4.0,5000.0,29999.0,MediaTek Helio G25,6.5,Moto G Play 64GB
8.0,5000.0,89999.0,Snapdragon 6 Gen 3,6.78,Moto G75 5G 128GB
8.0,5000.0,99999.0,Snapdragon 6 Gen 3,6.78,Moto G75 5G 256GB
8.0,4500.0,79999.0,MediaTek Dimensity 8100,6.7,Moto S50 128GB
12.0,4500.0,89999.0,MediaTek Dimensity 8100,6.7,Moto S50 256GB
8.0,4310.0,99999.0,MediaTek Dimensity 7300,6.4,Edge 50 Neo 256GB
12.0,4310.0,109999.0,MediaTek Dimensity 7300,6.4,Edge 50 Neo 512GB
8.0,5000.0,69999.0,MediaTek Dimensity 7025,6.49,Moto G55 128GB
8.0,5000.0,79999.0,MediaTek Dimensity 7025,6.49,Moto G55 256GB
4.0,5000.0,49999.0,Unisoc T760,6.72,Moto G35 128GB
8.0,5000.0,59999.0,Unisoc T760,6.72,Moto G35 256GB
6.0,5000.0,59999.0,Snapdragon 6s Gen 3,6.5,Moto G45 128GB
8.0,5000.0,69999.0,Snapdragon 6s Gen 3,6.5,Moto G45 256GB
8.0,4700.0,109999.0,Snapdragon 7s Gen 2,6.7,Edge 50 256GB
12.0,4700.0,119999.0,Snapdragon 7s Gen 2,6.7,Edge 50 512GB
12.0,4000.0,249999.0,Snapdragon 8+ Gen 1,6.9,Razr 50 Ultra 512GB
8.0,3800.0,199999.0,Snapdragon 7 Gen 1,6.7,Razr 50 256GB
8.0,5000.0,79999.0,Snapdragon 6s Gen 3,6.67,Moto G85 128GB
12.0,5000.0,89999.0,Snapdragon 6s Gen 3,6.67,Moto G85 256GB
8.0,4300.0,69999.0,MediaTek Dimensity 7200,6.5,S50 Neo 256GB
12.0,4300.0,79999.0,MediaTek Dimensity 7200,6.5,S50 Neo 512GB
4.0,5000.0,29999.0,Unisoc T606,6.5,Moto E14 64GB
4.0,5000.0,34999.0,Unisoc T606,6.5,Moto E14 128GB
8.0,4700.0,109999.0,Snapdragon 7s Gen 2,6.7,Edge 256GB
12.0,4700.0,119999.0,Snapdragon 7s Gen 2,6.7,Edge 512GB
12.0,5000.0,299999.0,Snapdragon 8 Gen 3,6.9,Moto X50 Ultra 512GB
6.0,5000.0,69999.0,Snapdragon 6 Gen 1,6.8,Moto G Stylus 5G 256GB
8.0,5000.0,79999.0,Snapdragon 6 Gen 1,6.8,Moto G Stylus 5G 512GB
12.0,5000.0,299999.0,Snapdragon 8 Gen 3,6.9,Edge 50 Ultra 512GB
8.0,4400.0,119999.0,Snapdragon 888+ 5G,6.55,Edge 30 Fusion 128GB
12.0,4400.0,129999.0,Snapdragon 888+ 5G,6.55,Edge 30 Fusion 256GB
6.0,4020.0,89999.0,Snapdragon 695 5G,6.28,Edge 30 Neo 128GB
8.0,4020.0,99999.0,Snapdragon 695 5G,6.28,Edge 30 Neo 256GB
6.0,5000.0,64999.0,Snapdragon 695 5G,6.6,Moto G82 5G 128GB
8.0,5000.0,74999.0,Snapdragon 695 5G,6.6,Moto G82 5G 256GB
4.0,5000.0,54999.0,Snapdragon 480+ 5G,6.5,Moto G62 5G 128GB
6.0,5000.0,64999.0,Snapdragon 480+ 5G,6.5,Moto G62 5G 256GB
4.0,5000.0,44999.0,Snapdragon 680 4G,6.4,Moto G42 128GB
4.0,5000.0,39999.0,Snapdragon 680 4G,6.5,Moto G32 128GB
3.0,5000.0,29999.0,MediaTek Helio G37,6.5,Moto E32s 64GB
2.0,4020.0,24999.0,MediaTek Helio G37,6.5,Moto E22i 32GB
4.0,4020.0,27999.0,MediaTek Helio G37,6.5,Moto E22 64GB
4.0,5000.0,34999.0,MediaTek Helio G37,6.5,Moto G22 64GB
8.0,4100.0,129999.0,Snapdragon 888 4G,6.5,P50
8.0,4360.0,149999.0,Snapdragon 888 4G,6.6,P50 Pro
8.0,4000.0,199999.0,Snapdragon 888 4G,6.9,P50 Pocket
8.0,4200.0,139999.0,Kirin 990E 5G,6.5,Mate 40E
8.0,4500.0,349999.0,Kirin 9000 5G,8.0,Mate X2
8.0,4300.0,89999.0,Snapdragon 778G 4G,6.57,Nova 9
8.0,4000.0,109999.0,Snapdragon 778G 4G,6.72,Nova 9 Pro
8.0,4100.0,119999.0,Snapdragon 778G 4G,6.5,P50E
8.0,4600.0,299999.0,Snapdragon 888 4G,7.8,Mate Xs 2
8.0,4460.0,169999.0,Snapdragon 8+ Gen 1 4G,6.7,Mate 50
8.0,4700.0,189999.0,Snapdragon 8+ Gen 1 4G,6.74,Mate 50 Pro
8.0,4000.0,99999.0,Snapdragon 778G 4G,6.67,Nova 10
8.0,4500.0,119999.0,Snapdragon 778G 4G,6.78,Nova 10 Pro
8.0,4500.0,79999.0,Snapdragon 680 4G,6.67,Nova 10 SE
8.0,4815.0,169999.0,Snapdragon 8+ Gen 1 4G,6.67,P60
8.0,4815.0,189999.0,Snapdragon 8+ Gen 1 4G,6.67,P60 Pro
8.0,5100.0,219999.0,Snapdragon 8+ Gen 1 4G,6.73,P60 Art
12.0,4800.0,349999.0,Snapdragon 8+ Gen 1 4G,7.85,Mate X3
12.0,4750.0,199999.0,Kirin 9000S,6.7,Mate 60
12.0,5000.0,229999.0,Kirin 9000S,6.82,Mate 60 Pro
12.0,5200.0,249999.0,Kirin 9000S,6.82,Mate 60 Pro+
8.0,4500.0,89999.0,Snapdragon 778G 4G,6.7,Nova 11
8.0,4500.0,109999.0,Snapdragon 778G 4G,6.78,Nova 11 Pro
12.0,4500.0,129999.0,Snapdragon 778G 4G,6.78,Nova 11 Ultra
12.0,4900.0,169999.0,Kirin 9010,6.8,Pura 70
12.0,5050.0,189999.0,Kirin 9010,6.8,Pura 70 Pro
12.0,5050.0,209999.0,Kirin 9010,6.8,Pura 70 Pro+
16.0,5200.0,229999.0,Kirin 9010,6.8,Pura 70 Ultra
12.0,4900.0,179999.0,Kirin 9010,6.7,Mate 70
12.0,5000.0,199999.0,Kirin 9010,6.8,Mate 70 Pro
12.0,5000.0,219999.0,Kirin 9010,6.8,Mate 70 Pro+
12.0,4800.0,349999.0,Kirin 9010,7.93,Mate X6
8.0,4500.0,89999.0,Kirin 9000S,6.7,Nova 12
8.0,4500.0,109999.0,Kirin 9000S,6.78,Nova 12 Pro
12.0,5000.0,359999.0,Kirin 9010,7.92,Mate XT 256GB
12.0,5000.0,389999.0,Kirin 9010,7.92,Mate XT 512GB
8.0,4600.0,94999.0,Kirin 9000S,6.7,Nova 13 256GB
8.0,4600.0,109999.0,Kirin 9000S,6.7,Nova 13 512GB
8.0,4600.0,119999.0,Kirin 9000S,6.78,Nova 13 Pro 256GB
8.0,4600.0,134999.0,Kirin 9000S,6.78,Nova 13 Pro 512GB
4.0,5000.0,74999.0,Snapdragon 480+,6.56,G42 5G 128GB
4.0,5050.0,48999.0,MediaTek G35,6.52,G20 64GB
4.0,5050.0,54999.0,MediaTek G35,6.52,G20 128GB
3.0,5000.0,39999.0,Unisoc SC9863A,6.52,C32 64GB
4.0,5000.0,44999.0,Unisoc SC9863A,6.52,C32 128GB
4.0,5050.0,46999.0,Unisoc T606,6.5,G21 64GB
6.0,5050.0,52999.0,Unisoc T606,6.5,G21 128GB
2.0,5000.0,34999.0,Unisoc SC9863A,6.5,C22 64GB
3.0,5000.0,38999.0,Unisoc SC9863A,6.5,C22 128GB
6.0,5000.0,79999.0,Snapdragon 480,6.58,G400 128GB
12.0,5000.0,429999.0,Snapdragon 8 Gen 1,6.5,Xperia 1 IV 256GB
8.0,5000.0,319999.0,Snapdragon 8 Gen 1,6.1,Xperia 5 IV 128GB
6.0,5000.0,179999.0,Snapdragon 695,6.0,Xperia 10 IV 128GB
12.0,5000.0,449999.0,Snapdragon 8 Gen 2,6.5,Xperia 1 V 256GB
8.0,5000.0,339999.0,Snapdragon 8 Gen 2,6.1,Xperia 5 V 128GB
6.0,5000.0,199999.0,Snapdragon 695,6.1,Xperia 10 V 128GB
12.0,5000.0,469999.0,Snapdragon 8 Gen 3,6.5,Xperia 1 VI 256GB
8.0,5000.0,349999.0,Snapdragon 8 Gen 3,6.1,Xperia 5 VI 128GB
6.0,5000.0,209999.0,Snapdragon 7 Gen 1,6.1,Xperia 10 VI 128GB
4.0,8200.0,52000.0,Unisoc T612,10.4,T21
12.0,10100.0,161500.0,Kirin 9000S,12.2,MatePad Pro 12.2 512GB
12.0,10100.0,197000.0,Kirin 9000S,13.2,MatePad Pro 13.2 512GB
4.0,3000.0,69999.0,Snapdragon 670,5.6,Pixel 3a 64GB
4.0,3700.0,79999.0,Snapdragon 670,6.0,Pixel 3a XL 64GB
6.0,2800.0,119999.0,Snapdragon 855,5.7,Pixel 4 64GB
6.0,3700.0,139999.0,Snapdragon 855,6.3,Pixel 4 XL 64GB
6.0,3140.0,89999.0,Snapdragon 730G,5.8,Pixel 4a 128GB
6.0,3885.0,109999.0,Snapdragon 765G,6.2,Pixel 4a 5G 128GB
8.0,4080.0,139999.0,Snapdragon 765G,6.0,Pixel 5 128GB
6.0,4680.0,109999.0,Snapdragon 765G,6.34,Pixel 5a 128GB
8.0,4614.0,159999.0,Google Tensor,6.4,Pixel 6 128GB
12.0,5003.0,199999.0,Google Tensor,6.71,Pixel 6 Pro 256GB
6.0,4410.0,129999.0,Google Tensor,6.1,Pixel 6a 128GB
8.0,4355.0,169999.0,Google Tensor G2,6.3,Pixel 7 128GB
12.0,5000.0,229999.0,Google Tensor G2,6.7,Pixel 7 Pro 256GB
8.0,4385.0,139999.0,Google Tensor G2,6.1,Pixel 7a 128GB
8.0,4575.0,179999.0,Google Tensor G3,6.2,Pixel 8 128GB
12.0,5050.0,249999.0,Google Tensor G3,6.7,Pixel 8 Pro 256GB
8.0,4385.0,149999.0,Google Tensor G3,6.1,Pixel 8a 128GB
8.0,4600.0,189999.0,Google Tensor G4,6.3,Pixel 9 128GB
12.0,5050.0,259999.0,Google Tensor G4,6.7,Pixel 9 Pro 256GB
16.0,5250.0,299999.0,Google Tensor G4,6.8,Pixel 9 Pro XL 512GB
16.0,5500.0,399999.0,Google Tensor G4,7.6,Pixel 9 Pro Fold 512GB
4.0,5000.0,27999.0,MediaTek Helio A22,6.6,Spark Go 1S 64GB
8.0,8000.0,69999.0,MediaTek G99,11.0,Megapad 11 256GB
3.0,5000.0,22999.0,Unisoc SC9863A,6.52,Pop 9 4G 64GB
6.0,7500.0,59999.0,MediaTek Helio G80,10.9,Megapad 128GB
8.0,5200.0,89999.0,MediaTek Dimensity 810,6.8,Camon 30S 256GB
6.0,5000.0,39999.0,MediaTek Dimensity 6100+,6.6,Spark 30C 5G 128GB
6.0,5000.0,42999.0,MediaTek Dimensity 6020,6.6,Spark 30 5G 128GB
3.0,5000.0,21999.0,Unisoc SC9832E,6.52,Pop 9 64GB
8.0,5200.0,54999.0,MediaTek Helio G99,6.8,Spark 30 Pro 256GB
4.0,5000.0,34999.0,MediaTek Helio G85,6.6,Spark 30 128GB
12.0,5500.0,399999.0,MediaTek Dimensity 9200+,7.85,Phantom V Fold2 512GB
8.0,4300.0,159999.0,MediaTek Dimensity 8050,6.9,Phantom V Flip2 256GB
8.0,6000.0,69999.0,MediaTek Dimensity 810,6.8,Pova 6 Neo 5G 256GB
4.0,5000.0,32999.0,MediaTek Helio G85,6.6,Spark 30C 128GB
3.0,5000.0,22999.0,Unisoc SC9863A,6.52,Spark Go 1 64GB
12.0,5200.0,159999.0,MediaTek Dimensity 9200,6.9,Camon 30S Pro 512GB
4.0,5000.0,37999.0,MediaTek Helio G85,6.6,Spark 20P 128GB
8.0,5200.0,59999.0,MediaTek Dimensity 810,6.8,Spark 20 Pro 5G 256GB
8.0,6000.0,55999.0,MediaTek Helio G99,6.8,Pova 6 Neo 256GB
12.0,5200.0,179999.0,MediaTek Dimensity 9200,6.9,Camon 30 Premier 512GB
12.0,5200.0,129999.0,MediaTek Dimensity 8200,6.8,Camon 30 Pro 512GB
8.0,5000.0,89999.0,MediaTek Dimensity 810,6.7,Camon 30 5G 256GB
6.0,5000.0,69999.0,MediaTek Helio G99,6.7,Camon 30 128GB
12.0,6000.0,159999.0,MediaTek Dimensity 8100,6.9,Pova 6 Pro 512GB
8.0,5200.0,54999.0,MediaTek Helio G99,6.8,Spark 20 Pro+ 256GB
6.0,5000.0,39999.0,MediaTek Helio G85,6.6,Spark 20 Pro 128GB
4.0,5000.0,34999.0,MediaTek Helio G85,6.6,Spark 20 128GB
4.0,5000.0,32999.0,MediaTek Helio G85,6.6,Spark 20C 128GB
3.0,5000.0,22999.0,Unisoc SC9863A,6.52,Spark Go 2024 64GB
3.0,5000.0,21999.0,Unisoc SC9832E,6.52,Pop 8 64GB
12.0,5200.0,159999.0,MediaTek Dimensity 9200,6.9,Camon 20s Pro 5G 512GB
12.0,5200.0,129999.0,MediaTek Dimensity 810,6.9,Camon 20s Pro 256GB
8.0,5000.0,79999.0,MediaTek Helio G99,6.7,Camon 20s 256GB
12.0,5200.0,149999.0,MediaTek Dimensity 8200,6.8,Camon 20 Premier 512GB
8.0,5000.0,89999.0,MediaTek Dimensity 810,6.7,Camon 20 Pro 5G 256GB
6.0,5000.0,69999.0,MediaTek Helio G99,6.7,Camon 20 Pro 128GB
6.0,5000.0,69999.0,MediaTek Helio G99,6.7,Camon 20 128GB
8.0,6000.0,119999.0,MediaTek Dimensity 900,6.9,Pova 5G 512GB
8.0,6000.0,59999.0,MediaTek Helio G99,6.8,Pova 5 256GB
6.0,7000.0,54999.0,MediaTek Helio G99,10.1,Xpad
8.0,8000.0,79999.0,MediaTek Dimensity 810,10.4,Xpad 5G
4.0,6000.0,39999.0,Unisoc T606,9.7,Xpad Lite
12.0,9000.0,99999.0,MediaTek Dimensity 9200,11.0,Xpad Pro
6.0,5000.0,39999.0,MediaTek Helio G85,6.78,Hot 50
4.0,5000.0,32999.0,Unisoc T606,6.6,Hot 50i
8.0,5200.0,48999.0,MediaTek Dimensity 810,6.78,Hot 50 5G
8.0,5000.0,45999.0,MediaTek Helio G99,6.8,Hot 50 Pro
12.0,5300.0,64999.0,MediaTek Dimensity 9200,6.9,Hot 50 Pro+
12.0,5500.0,89999.0,MediaTek Dimensity 8200,6.9,GT 20 Pro
8.0,5200.0,64999.0,MediaTek Dimensity 7200,6.8,Note 40X 5G
8.0,5000.0,42999.0,MediaTek Helio G99,6.78,Note 40S
8.0,5200.0,54999.0,MediaTek Dimensity 8100,6.8,Note 40 5G
12.0,5300.0,72999.0,MediaTek Dimensity 9000,6.8,Note 40 Pro 5G
12.0,5500.0,89999.0,MediaTek Dimensity 9200,6.9,Note 40 Racing Edition
8.0,5000.0,35999.0,MediaTek Helio G88,6.78,Hot 40
4.0,5000.0,28999.0,Unisoc T606,6.6,Hot 40i
8.0,5000.0,39999.0,MediaTek Helio G99,6.78,Hot 40 Pro
12.0,5000.0,69999.0,MediaTek Dimensity 8200,6.78,Zero 40
12.0,5000.0,74999.0,MediaTek Dimensity 8200,6.78,Zero 40 5G
8.0,4500.0,89999.0,Qualcomm Snapdragon 778G,6.7,Zero Flip
8.0,5000.0,45999.0,MediaTek Helio G99,6.78,Note 40
12.0,5000.0,59999.0,MediaTek Dimensity 8100,6.78,Note 40 Pro
8.0,5000.0,35999.0,MediaTek Helio G88,6.78,Hot 30 128GB
4.0,5000.0,28999.0,Unisoc T606,6.6,Hot 30i 128GB
4.0,5000.0,29999.0,Unisoc T606,6.6,Hot 30i NFC 128GB
4.0,6000.0,30999.0,MediaTek Helio G37,6.82,Hot 30 Play 128GB
8.0,5000.0,41999.0,MediaTek Dimensity 810,6.78,Hot 30 5G 128GB
8.0,5000.0,69999.0,MediaTek Dimensity 8020,6.78,Zero 30 256GB
12.0,5000.0,74999.0,MediaTek Dimensity 8020,6.78,Zero 30 5G 256GB
8.0,5000.0,84999.0,MediaTek Dimensity 8050,6.67,GT 10 Pro 256GB
6.0,5000.0,28999.0,MediaTek Helio G85,6.82,Hot 12 128GB
4.0,6000.0,24999.0,Unisoc T610,6.82,Hot 12 Play 128GB
8.0,5000.0,31999.0,Unisoc T616,6.6,Hot 12 Pro 128GB
4.0,5000.0,22999.0,MediaTek Helio A22,6.6,Hot 12i 64GB
6.0,5000.0,30999.0,MediaTek Helio G85,6.82,Hot 20 128GB
4.0,6000.0,25999.0,MediaTek Helio G37,6.82,Hot 20 Play 128GB
8.0,5000.0,34999.0,MediaTek Helio G96,6.78,Hot 20s 128GB
6.0,5000.0,38999.0,MediaTek Dimensity 810,6.6,Hot 20 5G 128GB
4.0,5000.0,21999.0,MediaTek Helio G25,6.6,Hot 20i 64GB
4.0,5000.0,23999.0,MediaTek Helio G70,6.82,Hot 10T 128GB
6.0,6000.0,25999.0,MediaTek Helio G85,6.82,Hot 10S 128GB
6.0,6000.0,26999.0,MediaTek Helio G85,6.82,Hot 10S NFC 128GB
3.0,5000.0,19999.0,MediaTek Helio A25,6.6,Hot 10 Lite 64GB
4.0,6000.0,22999.0,MediaTek Helio G25,6.82,Hot 10 Play 64GB
4.0,5200.0,24999.0,MediaTek Helio G70,6.6,Hot 11 128GB
4.0,6000.0,25999.0,MediaTek Helio G35,6.82,Hot 11 Play 128GB
6.0,5000.0,27999.0,MediaTek Helio G88,6.78,Hot 11s 128GB
2.0,5000.0,15999.0,MediaTek Helio A20,6.1,Smart HD 32GB
6.0,5200.0,29999.0,MediaTek Helio G80,6.78,Note 8i 128GB
3.0,5000.0,19999.0,MediaTek Helio A25,6.6,Hot 10 Lite 64GB
6.0,5200.0,34999.0,MediaTek Helio G80,6.95,Note 8 128GB
8.0,4500.0,39999.0,MediaTek Helio G90T,6.85,Zero 8i 128GB
4.0,5200.0,24999.0,MediaTek Helio G70,6.78,Hot 10 128GB
8.0,4500.0,44999.0,MediaTek Helio G90T,6.85,Zero 8 128GB
3.0,5000.0,18999.0,MediaTek Helio A20,6.6,Smart 5 64GB
4.0,3750.0,39999.0,Kirin 710F,6.5,9X Lite
8.0,4000.0,74999.0,Kirin 985 5G,6.53,30
8.0,4000.0,94999.0,Kirin 990 5G,6.57,30 Pro
12.0,4000.0,109999.0,Kirin 990 5G,6.57,30 Pro+
6.0,4000.0,54999.0,Kirin 820 5G,6.5,30S
6.0,4300.0,48999.0,Kirin 820 5G,6.63,X10
8.0,5000.0,64999.0,MediaTek Dimensity 800,7.09,X10 Max
6.0,4300.0,49999.0,MediaTek Dimensity 800,6.81,Play 4
8.0,4200.0,74999.0,Kirin 990 5G,6.57,Play 4 Pro
4.0,5000.0,34999.0,Kirin 710A,6.67,10X Lite
8.0,4000.0,89999.0,MediaTek Dimensity 1000+,6.72,V40
8.0,4300.0,89999.0,Qualcomm Snapdragon 778G,6.57,50
8.0,4000.0,109999.0,Qualcomm Snapdragon 778G,6.72,50 Pro
8.0,4000.0,74999.0,MediaTek Dimensity 900,6.78,50 SE
6.0,4300.0,64999.0,MediaTek Dimensity 900,6.67,X20
6.0,4000.0,54999.0,MediaTek Dimensity 700,6.6,X20 SE
8.0,3800.0,49999.0,MediaTek Dimensity 800U,6.53,Play 5
6.0,5000.0,34999.0,Unisoc T610,6.5,Play 5T
8.0,4600.0,159999.0,Qualcomm Snapdragon 888,6.76,Magic3
8.0,4600.0,189999.0,Qualcomm Snapdragon 888+,6.76,Magic3 Pro
12.0,4600.0,219999.0,Qualcomm Snapdragon 888+,6.76,Magic3 Pro+
8.0,4800.0,99999.0,Qualcomm Snapdragon 778G,6.67,60
8.0,4800.0,124999.0,Qualcomm Snapdragon 778G+,6.78,60 Pro
8.0,4300.0,74999.0,MediaTek Dimensity 900,6.67,60 SE
6.0,4800.0,69999.0,Qualcomm Snapdragon 695,6.81,X30
6.0,4000.0,54999.0,MediaTek Dimensity 810,6.7,X30i
8.0,5000.0,89999.0,MediaTek Dimensity 900,7.09,X30 Max
6.0,5000.0,29999.0,MediaTek MT6762G Helio G25,6.52,Play 6
6.0,5000.0,39999.0,MediaTek Dimensity 700,6.74,Play 6T
8.0,4800.0,179999.0,Qualcomm Snapdragon 8 Gen 1,6.81,Magic4
8.0,4600.0,209999.0,Qualcomm Snapdragon 8 Gen 1,6.81,Magic4 Pro
12.0,4600.0,249999.0,Qualcomm Snapdragon 8 Gen 1,6.81,Magic4 Ultimate
12.0,4750.0,349999.0,Qualcomm Snapdragon 8 Gen 1,7.9,Magic V
8.0,4800.0,119999.0,Qualcomm Snapdragon 778G+,6.67,70
8.0,4500.0,149999.0,MediaTek Dimensity 8000,6.78,70 Pro
12.0,4500.0,179999.0,MediaTek Dimensity 9000,6.78,70 Pro+
6.0,5100.0,64999.0,Qualcomm Snapdragon 695,6.67,X40
6.0,4000.0,49999.0,MediaTek Dimensity 700,6.7,X40i
4.0,5200.0,29999.0,MediaTek Helio G37,6.74,Play 7
6.0,5200.0,34999.0,MediaTek Dimensity 6020,6.74,Play 7T
8.0,5100.0,199999.0,Qualcomm Snapdragon 8 Gen 2,6.81,Magic5
12.0,5100.0,249999.0,Qualcomm Snapdragon 8 Gen 2,6.81,Magic5 Pro
16.0,5450.0,299999.0,Qualcomm Snapdragon 8 Gen 2,6.81,Magic5 Ultimate
12.0,5000.0,369999.0,Qualcomm Snapdragon 8+ Gen 1,7.9,Magic Vs
8.0,4800.0,119999.0,Qualcomm Snapdragon 782G,6.67,80
12.0,4800.0,169999.0,Qualcomm Snapdragon 8+ Gen 1,6.78,80 Pro
8.0,4600.0,84999.0,MediaTek Dimensity 900,6.67,80 SE
6.0,5800.0,74999.0,Qualcomm Snapdragon 6 Gen 1,6.78,X50
6.0,4500.0,54999.0,MediaTek Dimensity 6020,6.7,X50i
4.0,5000.0,27999.0,MediaTek Helio G36,6.52,Play 8
6.0,5200.0,32999.0,MediaTek Dimensity 6100+,6.74,Play 8T
8.0,5200.0,219999.0,Qualcomm Snapdragon 8 Gen 3,6.81,Magic6
12.0,5500.0,269999.0,Qualcomm Snapdragon 8 Gen 3,6.81,Magic6 Pro
16.0,5550.0,319999.0,Qualcomm Snapdragon 8 Gen 3,6.81,Magic6 Ultimate
12.0,5000.0,389999.0,Qualcomm Snapdragon 8 Gen 2,7.92,Magic V2
12.0,5000.0,139999.0,Qualcomm Snapdragon 7 Gen 1,6.7,90
12.0,5000.0,169999.0,Qualcomm Snapdragon 8+ Gen 1,6.78,90 Pro
8.0,4600.0,84999.0,MediaTek Dimensity 900,6.67,90 SE
6.0,5800.0,74999.0,Qualcomm Snapdragon 6 Gen 1,6.78,X60
6.0,4500.0,54999.0,MediaTek Dimensity 6020,6.7,X60i
4.0,5000.0,27999.0,MediaTek Helio G36,6.52,Play 9
6.0,5200.0,32999.0,MediaTek Dimensity 6100+,6.74,Play 9T
8.0,5200.0,219999.0,Qualcomm Snapdragon 8 Gen 3,6.81,Magic7
12.0,5500.0,269999.0,Qualcomm Snapdragon 8 Gen 3,6.81,Magic7 Pro
16.0,5550.0,319999.0,Qualcomm Snapdragon 8 Gen 3,6.81,Magic7 Ultimate
12.0,5000.0,389999.0,Qualcomm Snapdragon 8 Gen 2,7.92,Magic V3
4.0,5100.0,49999.0,Qualcomm Snapdragon 662,10.1,Pad 6
3.0,5100.0,39999.0,MediaTek MT8768T,9.7,Pad X6
4.0,5100.0,54999.0,MediaTek Helio G80,10.1,Pad 7
6.0,7250.0,84999.0,MediaTek Dimensity 800,10.4,Tablet V7
8.0,7250.0,109999.0,MediaTek Dimensity 1300T,11.0,Tablet V7 Pro
6.0,7250.0,69999.0,Qualcomm Snapdragon 680,12.0,Pad 8
4.0,5100.0,44999.0,MediaTek Helio G80,10.1,Pad X8
3.0,5000.0,34999.0,MediaTek MT8786,9.7,Pad X8 Lite
6.0,7250.0,94999.0,MediaTek Dimensity 8020,11.0,Pad V8
8.0,8500.0,129999.0,MediaTek Dimensity 9000,12.1,Pad V8 Pro
8.0,8300.0,84999.0,Qualcomm Snapdragon 6 Gen 1,12.1,Pad 9
12.0,9000.0,109999.0,MediaTek Dimensity 8100,12.6,Pad 9 Pro
6.0,7250.0,59999.0,Qualcomm Snapdragon 685,11.5,Pad X9
4.0,5100.0,44999.0,MediaTek Helio G80,10.1,Pad X8 Pro
12.0,10000.0,149999.0,Qualcomm Snapdragon 8+ Gen 1,13.0,MagicPad 13
16.0,10500.0,179999.0,Qualcomm Snapdragon 8 Gen 2,13.2,MagicPad 2
4.0,5000.0,34999.0,MediaTek MT8786,9.7,Pad X8a
3.0,5100.0,29999.0,MediaTek MT8786,9.7,Pad X8a Kids Edition
8.0,8000.0,79999.0,Qualcomm Snapdragon 7s Gen 2,11.6,Pad X9 Pro
8.0,8500.0,129999.0,MediaTek Dimensity 9000,12.1,Pad V9
12.0,10500.0,199999.0,Qualcomm Snapdragon 8 Gen 3,13.5,Pad GT Pro
6.0,8850.0,74999.0,Qualcomm Snapdragon 685,12.1,Pad X10
8.0,9000.0,94999.0,Qualcomm Snapdragon 7s Gen 2,12.6,Pad X10 Pro
12.0,10500.0,149999.0,Qualcomm Snapdragon 8 Gen 3,13.0,MagicPad 3
8.0,8500.0,129999.0,MediaTek Dimensity 9000,12.1,Pad V10
6.0,4700.0,99999.0,Snapdragon 865,6.67,F2 Pro 128GB
4.0,5000.0,34999.0,Snapdragon 720G,6.67,M2 Pro 64GB
6.0,5160.0,39999.0,Snapdragon 732G,6.67,X3 NFC 128GB
4.0,6000.0,24999.0,Snapdragon 662,6.53,M3 64GB
6.0,4520.0,69999.0,Snapdragon 870,6.67,F3 128GB
6.0,5160.0,49999.0,Snapdragon 860,6.67,X3 Pro 128GB
4.0,5000.0,29999.0,MediaTek Dimensity 700,6.5,M3 Pro 5G 64GB
6.0,5065.0,79999.0,MediaTek Dimensity 1200,6.67,F3 GT 128GB
6.0,5000.0,44999.0,MediaTek Dimensity 1100,6.6,X3 GT 128GB
4.0,5000.0,34999.0,MediaTek Dimensity 810,6.6,M4 Pro 5G 128GB
6.0,4500.0,74999.0,Snapdragon 870,6.67,F4 128GB
8.0,4700.0,99999.0,Snapdragon 8 Gen 1,6.67,F4 GT 128GB
6.0,5000.0,54999.0,Snapdragon 695,6.67,X4 Pro 5G 128GB
6.0,5000.0,39999.0,MediaTek Helio G96,6.43,M4 Pro 128GB
4.0,5000.0,29999.0,MediaTek Helio G99,6.58,M5 128GB
4.0,5000.0,34999.0,MediaTek Helio G95,6.43,M5s 128GB
6.0,5000.0,79999.0,Snapdragon 7+ Gen 2,6.67,F5 128GB
8.0,5160.0,99999.0,Snapdragon 8+ Gen 1,6.67,F5 Pro 256GB
6.0,5000.0,54999.0,Snapdragon 695,6.67,X5 128GB
6.0,5000.0,64999.0,Snapdragon 778G,6.67,X5 Pro 128GB
4.0,5000.0,29999.0,MediaTek Helio G88,6.58,M6 64GB
6.0,5000.0,34999.0,Snapdragon 4 Gen 1,6.79,M6 Pro 128GB
6.0,5000.0,59999.0,MediaTek Dimensity 8100,6.67,X6 128GB
8.0,5000.0,69999.0,MediaTek Dimensity 8300,6.67,X6 Pro 256GB
6.0,5000.0,89999.0,Snapdragon 8 Gen 2,6.67,F6 128GB
8.0,5160.0,109999.0,Snapdragon 8+ Gen 2,6.67,F6 Pro 256GB
4.0,5000.0,24999.0,MediaTek Helio G85,6.5,C65 64GB
6.0,5000.0,64999.0,MediaTek Dimensity 8200,6.67,X7 128GB
8.0,6000.0,79999.0,MediaTek Dimensity 8400,6.67,X7 Pro 256GB
6.0,5110.0,39999.0,MediaTek Dimensity 7025,6.67,M7 5G 128GB
8.0,10000.0,66220.0,Snapdragon 7s Gen 2,12.1,Pad 5G 128GB
8.0,10000.0,71220.0,Snapdragon 7s Gen 2,12.1,Pad 5G 256GB
12.0,4400.0,604999.0,Snapdragon 8 Gen 3,7.6,Galaxy Z Fold6 256GB
12.0,4400.0,544999.0,Snapdragon 8 Gen 3,7.6,Galaxy Z Fold6 512GB
